No,Dimension ,Sub category ,Rule,Check_Id ,Meta table name ,meta field 1,Meta filed 2,Meta field 3,meta field 4,SQL (MS-SQL),비고 
1,Plausiblity ,Uniq,각 테이블의 주키는 중복 될 수 없음(Primary key ),Dimension name-Rulenum-tableid-seqno,Dev_person ,Uniq_no ,,,,,
,,,,,,Patno ,,,,,
,,,,,Dev_provider,Uniq_no ,,,,,
,,,,,,Povider_id ,,,,,
,,,,,Dev_siteinfo ,Uniq_no ,,,,,
,,,,,,Site_cd,,,,,
,,,,,Dev_death,Uniq_no ,,,,,
,,,,,Dev_visitdetail,Uniq_no ,,,,,
,,,,,Dev_drug,Uniq_no ,,,,,
,,,,,Dev_diagnosis ,Unq_no ,,,,,
,,,,,Dev_procedure,Uniq_no ,,,,,
,,,,,Dev_specimen,Uniq_no ,,,,,
,,,,,Dev_measurement,Uniq_no ,,,,,
,,,,,Dev_observation,Uniq_no ,,,,,
,,,,,Dev_clinicanote,Uniq_no ,,,,,
,,,,,,Frmcln_key ,,,,,
,,,,,Dev_cost ,Uniq_no ,,,,,
,,,,,Dev_payer,Uniq_no ,,,,,
,,,,,Dev_mapped,Uniq_no ,,,,,
,,,,,,ordcode,,,,,
,,,,,Dev_period,Uniq_no ,,,,,
2,Plausibilty,Uniq,"환자별 식별 대체키는 중복 될수 없음 ( Primary key, Alternate key)",,Dev_person ,Patno,Btdt,Sex,,,
,,,,,Dev_Proider,provider_id,Resno1,Sex,,,
,,,,,Dev_mapped,Tbnm,Ordcode,,,,
,,,,,Dev_death,Patno,Diedate,diedadrs,,,
,,,,,Dev_diagnosis ,patno,meddate,seqno,diagcode,,
,,,,,Dev_visitdeatil,patno,visit_date,dsch_date,med_dept,,
,,,,,Dev_period,patno,op_start_dt,op_enddt,,,
,,,,,Dev_procedure,patno,meddate,orddate,ordseqno ,,
,,,,,Dev_device,patno,meddate,orddate,ordseqno ,,
,,,,,Dev_specimen,patno,collect_dt,ordcode,spcseq,,
,,,,,Dev_measurement,patno,meddate,orddate,ordseqno,,
,,,,,Dev_clinicanote,ptnt_no,frm_dt,frmcln_key,,,
,,,,,Dev_observation,ptnt_no,frm_dt,frmcln_key ,,,
,,,,,Dev_cost ,patno,meddate,orddate,ordcode,,
,,,,,Dev_drug,patno,meddate,orddate,ordseqno,,
,,,,,Dev_payer,patno,meddate,orddate,sugatyp ,,
3,Plausibilty,Uniq,데이터는 중복 될 수 없음 ,,Dev_person ,count(*),distinct count(*),,,,"exclude some filed when count (Eg. Uniq_no, tbnm..)"
,,,,,Dev_Proider,count(*),distinct count(*),,,,
,,,,,Dev_mapped,count(*),distinct count(*),,,,
,,,,,Dev_death,count(*),distinct count(*),,,,
,,,,,Dev_diagnosis ,count(*),distinct count(*),,,,
,,,,,Dev_visitdeatil,count(*),distinct count(*),,,,
,,,,,Dev_period,count(*),distinct count(*),,,,
,,,,,Dev_procedure,count(*),distinct count(*),,,,
,,,,,Dev_device,count(*),distinct count(*),,,,
,,,,,Dev_specimen,count(*),distinct count(*),,,,
,,,,,Dev_measurement,count(*),distinct count(*),,,,
,,,,,Dev_clinicanote,count(*),distinct count(*),,,,
,,,,,Dev_observation,count(*),distinct count(*),,,,
,,,,,Dev_cost ,count(*),distinct count(*),,,,
,,,,,Dev_drug,count(*),distinct count(*),,,,
,,,,,Dev_siteinfo ,count(*),distinct count(*),,,,
,,,,,Dev_payer,count(*),distinct count(*),,,,
4,Plausibilty,N/A,Load data와 derived data의 사이즈는 최소 용량을 만족해야함  ,,Dev_person ,"stage 1에서 나온 용량과 stage 2용량 비교 
* Union all 은 합산 
* Left join은 기준 용량 테이블 이상 ",,,,,
,,,,,Dev_Proider,,,,,,
,,,,,Dev_mapped,,,,,,
,,,,,Dev_death,,,,,,
,,,,,Dev_diagnosis ,,,,,,
,,,,,Dev_visitdeatil,,,,,,
,,,,,Dev_period,,,,,,
,,,,,Dev_procedure,,,,,,
,,,,,Dev_device,,,,,,
,,,,,Dev_specimen,,,,,,
,,,,,Dev_measurement,,,,,,
,,,,,Dev_clinicanote,,,,,,
,,,,,Dev_observation,,,,,,
,,,,,Dev_cost ,,,,,,
,,,,,Dev_drug,,,,,,
,,,,,Dev_siteinfo ,,,,,,
,,,,,Dev_payer,,,,,,
5,Conformance,N/A,테이블 내 컬럼명은 사전 정의와 일치해야 함 ,,Dev_person ,"전체 테이블의 컬럼을 대상으로 검토하며, Stage 2 테이블 정의서와 데이터 테이블명 컬럼명이 일치하는지 확인 
* 테이블 정의서를 기반으로 분석을 수행하지만 맞지 않을 경우 분석  실행 불가 (like Achilles)",,,,,
,,,,,Dev_Proider,,,,,,
,,,,,Dev_mapped,,,,,,
,,,,,Dev_death,,,,,,
,,,,,Dev_diagnosis ,,,,,,
,,,,,Dev_visitdeatil,,,,,,
,,,,,Dev_period,,,,,,
,,,,,Dev_procedure,,,,,,
,,,,,Dev_device,,,,,,
,,,,,Dev_specimen,,,,,,
,,,,,Dev_measurement,,,,,,
,,,,,Dev_clinicanote,,,,,,
,,,,,Dev_observation,,,,,,
,,,,,Dev_cost ,,,,,,
,,,,,Dev_drug,,,,,,
,,,,,Dev_siteinfo ,,,,,,
,,,,,Dev_payer,,,,,,
6,Conformance,Value ,데이터 형식은 사전 정의와 일치해야함 ,,Dev_person ,"테이블 내 컬럼을 대상으로 검토하며, Stage 2 테이블 정의서와  컬럼 형식이  일치하는지 확인 
* String으로 정보 입력받아서 저장 후 비교
* Achilles와 같음 ",,,,,
,,,,,Dev_Proider,,,,,,
,,,,,Dev_mapped,,,,,,
,,,,,Dev_death,,,,,,
,,,,,Dev_diagnosis ,,,,,,
,,,,,Dev_visitdeatil,,,,,,
,,,,,Dev_period,,,,,,
,,,,,Dev_procedure,,,,,,
,,,,,Dev_device,,,,,,
,,,,,Dev_specimen,,,,,,
,,,,,Dev_measurement,,,,,,
,,,,,Dev_clinicanote,,,,,,
,,,,,Dev_observation,,,,,,
,,,,,Dev_cost ,,,,,,
,,,,,Dev_drug,,,,,,
,,,,,Dev_siteinfo ,,,,,,
,,,,,Dev_payer,,,,,,
7,conformance, Relational ,각 테이블은 PK와 FK가 포함되어야 함 ,,Dev_person ,patno,Btdt,zipcode,,,"모든 테이블의 pk인 uniq_no는 중복 측정이기 때문에 제외하며, 공통 fk인 visit_id의 연결 정도를 체크 "
,,,,,Dev_Proider,provider_id,,,,,
,,,,,Dev_mapped,ordcode,edicode,,,,
,,,,,Dev_death,patno,meddate,diedate,,,
,,,,,Dev_diagnosis ,patno,meddate,visit_time,,,
,,,,,Dev_visitdeatil,patno,visit_date,patfg,,,
,,,,,Dev_period,patno,opstart_dt,,,,
,,,,,Dev_procedure,patno,patfg,meddate,orddate,,
,,,,,Dev_device,patno,patfg,meddate,orddate,,
,,,,,Dev_specimen,patno,patfg,meddate,orddate,,
,,,,,Dev_measurement,patno,meddate,orddate,,,
,,,,,Dev_clinicanote,ptnt_no,frm_dt,meddate,frmcln_key,,
,,,,,Dev_observation,ptnt_no,frm_dt,meddate,frmcln_key,,
,,,,,Dev_cost ,patno,meddate,orddate,ordcode,,
,,,,,Dev_drug,patno,meddate,orddate,ordcode,,
,,,,,Dev_siteinfo ,site_cd,,,,,
,,,,,Dev_payer,patno,meddate,orddate,sugatyp ,,
8,Conformance,Relational ,테이블 생성 여부 ,,Dev_person ,count(*),,,,,"전체 테이블은 0건이 될 수 없으며, Dev_mapped 테이블을 제외하고 환자 수 보다 로우가 많아야 함 "
,,,,,Dev_Proider,,,,,,
,,,,,Dev_mapped,,,,,,
,,,,,Dev_death,,,,,,
,,,,,Dev_diagnosis ,,,,,,
,,,,,Dev_visitdeatil,,,,,,
,,,,,Dev_period,,,,,,
,,,,,Dev_procedure,,,,,,
,,,,,Dev_device,,,,,,
,,,,,Dev_specimen,,,,,,
,,,,,Dev_measurement,,,,,,
,,,,,Dev_clinicanote,,,,,,
,,,,,Dev_observation,,,,,,
,,,,,Dev_cost ,,,,,,
,,,,,Dev_drug,,,,,,
,,,,,Dev_siteinfo ,,,,,,
,,,,,Dev_payer,,,,,,
9,Plausibilty,,생성된 Meta 테이블의 로우수는 최소기준을 만족해야 함 ,,Dev_person ,"최소값 기준은 다음과 같음 
* Union all 인 경우, 테이블 로우수 합친것과 같아야 함 
* Left join의 경우 기준 테이블의 갯수와 동일 
* 단 컬럼 로우수를 체크하여 Left join 대상 테이블의 개수도 확인 가능",,,,,
,,,,,Dev_Proider,,,,,,
,,,,,Dev_mapped,,,,,,
,,,,,Dev_death,,,,,,
,,,,,Dev_diagnosis ,,,,,,
,,,,,Dev_visitdeatil,,,,,,
,,,,,Dev_period,,,,,,
,,,,,Dev_procedure,,,,,,
,,,,,Dev_device,,,,,,
,,,,,Dev_specimen,,,,,,
,,,,,Dev_measurement,,,,,,
,,,,,Dev_clinicanote,,,,,,
,,,,,Dev_observation,,,,,,
,,,,,Dev_cost ,,,,,,
,,,,,Dev_drug,,,,,,
,,,,,Dev_siteinfo ,,,,,,
,,,,,Dev_payer,,,,,,
10,Conformance,,제외되는 환자 및 건수가 일치하는가 ?,,Dev_person ,patno,death_error,Date_error,,,"Meta에 걸려있는 필터 컬럼이며, 해당 컬럼이 Y 혹은 N인것을 제외하고 카운트하여 결과 확인 "
,,,,,Dev_Proider,provider_id, date_error,,,,
,,,,,Dev_mapped,ordcode,vld_gb,,,,
,,,,,Dev_death,patno,date_error,,,,
,,,,,Dev_diagnosis ,patno,birth_error,death_error,date_error,,
,,,,,Dev_visitdeatil,date_error,birth_error,death_error,include_yn ,,
,,,,,Dev_procedure,birth_error,death_error,date_error,del_yn ,,
,,,,,Dev_device,birth_error,death_error,date_error,include_yn ,,
,,,,,Dev_specimen,birth_error,death_error,date_error,include_yn ,,
,,,,,Dev_measurement,birth_error,death_error,date_error,include_yn ,,
,,,,,Dev_clinicanote,birth_error,death_error,date_error,include_yn ,,
,,,,,Dev_observation,birth_error,death_error,date_error,include_yn ,,
,,,,,Dev_cost ,birth_error,death_error,date_error,include_yn ,,
,,,,,Dev_drug,birth_error,death_error,date_error,include_yn ,,
,,,,,Dev_siteinfo ,vld_gb,,,,,
,,,,,Dev_payer,birth_error,death_error,date_error,include_yn ,,
11,Conformance, Value, 코드는 유효해야함 ,,Dev_mapped,ordcode,vld_stdt,vld_endt,,,"과거의 코드는 유효성에서 어긋나지 않으며, 사용되지 않거나 시작년도가 미래 인것만 체크 "
,,,,,Dev_drug,,,,,,
,,,,,Dev_procedure,,,,,,
,,,,,Dev_specimen,,,,,,
,,,,,Dev_device,,,,,,
,,,,,Dev_procedure,,,,,,
,,,,,Dev_measurement,,,,,,
,,,,,Dev_cost ,,,,,,
,,,,,Dev_note,mritkey,attr_key,frm_key,,,
,,,,,Dev_observation,mritkey,attr_key,frm_key,,,
,,,,,Dev_siteinfo ,site_cd,open_dt,reg_dt,,,
12,Conformance,Value ,잘못된 도메인에 적재된 코드 ,,Dev_drug,tbnm,ordcode,,,,"EDI 코드 분류 이용 (1,3,8)"
,,,,,Dev_procedure,tbnm,ordcode,,,,
,,,,,Dev_specimen,tbnm,ordcode,,,,
,,,,,Dev_device,tbnm,ordcode,,,,
,,,,,Dev_procedure,tbnm,ordcode,,,,
,,,,,Dev_measurement,tbnm,ordcode,,,,
,,,,,Dev_cost ,ord_tbnm,ordcode,,,,
13,Conformance, value,로컬 코드는 동일한 형식이어야 함 ,,Dev_drug,tbnm,ordcode,,,,
,,,,,Dev_procedure,tbnm,ordcode,,,,
,,,,,Dev_specimen,tbnm,ordcode,,,,
,,,,,Dev_device,tbnm,ordcode,,,,
,,,,,Dev_procedure,tbnm,ordcode,,,,
,,,,,Dev_measurement,tbnm,ordcode,,,,
,,,,,Dev_cost ,ord_tbnm,ordcode,,,,
14,Conformance,value ,진단코드는 KCD-7 형식을 벗어날 수 없음 ,,Dev_diagnosis ,diagcode ,,,,,KCD master 와 비교 
,,,,,Dev_mapped,ordcode,,,,,where tbnm = 'Dev_diagnosis'
15,Conformance,value ,사용되는 유닛은 동일해야 함 ,,Dev_measurement,ordcode,unit_nm,,,,
,,,,,Dev_specimen,ordcode,sample_unit,,,,
,,,,,Dev_drug,ordcode,packunit,,,,
16,Conformance,value ,검사 항목 별 결과 값의 데이터 형식은 동일 해야 함,,Dev_measurement,ordcode,rslt_typ,char_rslt,num_rslt,,
17,Conformance,value ,개념이 불분명한 코드,,Dev_drug,ordcode,,,,,
,,,,,Dev_procedure,,,,,,
,,,,,Dev_specimen,,,,,,
,,,,,Dev_device,,,,,,
,,,,,Dev_procedure,,,,,,
,,,,,Dev_measurement,,,,,,
,,,,,Dev_cost ,,,,,,
,,,,,Dev_mapped,ordcode,ord_nm,,,,
18,Conformance,value,unit에서 사용되지 않는 결과값 형식,,Dev_measurement,unit_nm,char_rslt,num_rslt,,,
,,,,,Dev_specimen,sample_qty1,sample_qty2,sample_unit,,,
,,,,,Dev_drug,packunit,packqty,,,,
19,Comleteness,,데이터 내 missing 값이 존재하는가,,Dev_person ,각 컬럼별 is null or '' or na를 카운트,,,,,
,,,,,Dev_Proider,,,,,,
,,,,,Dev_mapped,,,,,,
,,,,,Dev_death,,,,,,
,,,,,Dev_diagnosis ,,,,,,
,,,,,Dev_visitdeatil,,,,,,
,,,,,Dev_period,,,,,,
,,,,,Dev_procedure,,,,,,
,,,,,Dev_device,,,,,,
,,,,,Dev_specimen,,,,,,
,,,,,Dev_measurement,,,,,,
,,,,,Dev_clinicanote,,,,,,
,,,,,Dev_observation,,,,,,
,,,,,Dev_cost ,,,,,,
,,,,,Dev_drug,,,,,,
,,,,,Dev_siteinfo ,,,,,,
,,,,,Dev_payer,,,,,,
20,Comleteness,,"환자번호, 진단날짜, 처방날짜는 null이 있을 수 없음 ",,Dev_person ,Patno,,,,,
,,,,,Dev_Proider,Provider_id,,,,,
,,,,,Dev_death,patno,meddate,,,,
,,,,,Dev_diagnosis ,patno,meddate,,,,
,,,,,Dev_visitdeatil,patno,meddate,visit_time,,,
,,,,,Dev_period,patno,op_start_dt,,,,
,,,,,Dev_procedure,patno,meddate,orddate,,,
,,,,,Dev_device,patno,meddate,orddate,,,
,,,,,Dev_specimen,patno,meddate,orddate,,,
,,,,,Dev_measurement,patno,meddate,orddate,,,
,,,,,Dev_clinicanote,ptnt_no,frm_dt,meddate,,,
,,,,,Dev_observation,ptnt_no,frm_dt,meddate,,,
,,,,,Dev_cost ,patno,meddate,orddate,,,
,,,,,Dev_drug,patno,meddate,orddate,,,
,,,,,Dev_payer,patno,meddate,orddate,,,
21,Comleteness,,환자의 방문 유형은  null 일 수 없음 ,,Dev_diagnosis ,patfg,,,,,
,,,,,Dev_visitdeatil,patfg,,,,,
,,,,,Dev_procedure,patfg,,,,,
,,,,,Dev_device,patfg,,,,,
,,,,,Dev_specimen,patfg,,,,,
,,,,,Dev_measurement,patfg,,,,,
,,,,,Dev_clinicanote,patfg,,,,,
,,,,,Dev_observation,patfg,,,,,
,,,,,Dev_drug,patfg,,,,,
22,comleteness,,날짜 데이터는 null이 될 수 없음 ,,Dev_person ,Btdt,,,,,
,,,,,Dev_Proider,year_of_birth,day_of_birth,,,,
,,,,,Dev_death,meddate,diedate,,,,
,,,,,Dev_diagnosis ,meddate,visit_time,dsch_date,dsch_time,,
,,,,,Dev_visitdeatil,meddte,orddate,regtime,,,
,,,,,Dev_period,op_start_dt,op_enddt,,,,
,,,,,Dev_procedure,meddate,orddate,regtime,,,
,,,,,Dev_device,meddate,orddate,regtime,,,
,,,,,Dev_specimen,collect_dt,acpt_dt,orddate,spcdate,,
,,,,,Dev_measurement,meddate,orddte,examdt,,,
,,,,,Dev_clinicanote,med_date,med_time,frm_dt,,,
,,,,,Dev_observation,med_date,med_time,frm_dt,,,
,,,,,Dev_cost ,meddate,orddate,calm_ymd,,,
,,,,,Dev_drug,meddate,orddate,act_stdt,act_endt,,조건에 따라 null 허용
,,,,,Dev_payer,meddte,orddate,admtime,,,
23,completeness,,처방코드 없이 처방이 발생할 수 없음 ,,Dev_diagnosis ,diagcode ,,,,,
,,,,,Dev_procedure,ordcode,opcode,,,,opcode는 조건에 따라 
,,,,,Dev_device,ordcode,,,,,
,,,,,Dev_specimen,ordcode,spccode,diagnosis_cd,tiss_cd,,
,,,,,Dev_measurement,ordcode,,,,,
,,,,,Dev_cost ,ordcode,,,,,
,,,,,Dev_drug,ordcode,,,,,
24,completeness,,Provider_id 없이 데이터가 생성 될 수 없음,,Dev_diagnosis ,cha_dr,,,,,
,,,,,Dev_visitdeatil,provider_id,,,,,
,,,,,Dev_procedure,cha_dr,op_dr,exec_dr,anthudr,,
,,,,,Dev_device,orddr,,,,,
,,,,,Dev_specimen,order_dr,cha_dr,,,,
,,,,,Dev_measurement,prvider,,,,,
,,,,,Dev_clinicanote,med_dr,,,,,
,,,,,Dev_observation,med_dr,,,,,
,,,,,Dev_drug,orddr,,,,,
25,completeness,,검사결과값이 null 일수 없음 ,,Dev_measurement,char_rslt,num_rslt,,,,대상 선별 필요 
,,,,,Dev_ note,numrc_data,,,,,
26,Plausibliity ,,적재된 데이터의 수는 Threshhold value 이상이어야 함 ,,Dev_diagnosis ,row count ,,,,,"threshhold는 테이블 별 조건에 따라 다름 
* Activation 환자 수  "
,,,,,Dev_visitdeatil,row count ,,,,,
,,,,,Dev_period,row count ,,,,,
,,,,,Dev_procedure,row count ,,,,,
,,,,,Dev_device,row count ,,,,,
,,,,,Dev_specimen,row count ,,,,,
,,,,,Dev_measurement,row count ,,,,,
,,,,,Dev_clinicanote,row count ,,,,,
,,,,,Dev_observation,row count ,,,,,
,,,,,Dev_cost ,row count ,,,,,
,,,,,Dev_drug,row count ,,,,,
,,,,,Dev_payer,row count ,,,,,
27,Comleteness,,기록지의 데이터의 밀도는 평균 이상이어야함 ,,Dev_note, frm_nm,txt_data,,,,Avg(data_density)< note
,,,,,Dev_obvservation,frm_nm,txt_data,,,,
28,Completeness,,데이터의 비율이 다른해와 다름 ,,Dev_death,patno,diedate,,,,연도별 데이터 카운트 후 히스트로 시각화 
,,,,,Dev_diagnosis ,patno,meddate,,,,
,,,,,Dev_visitdeatil,patno,meddate,,,,
,,,,,Dev_procedure,patno,orddate,,,,
,,,,,Dev_device,patno,orddate,,,,
,,,,,Dev_specimen,patno,orddate,,,,
,,,,,Dev_measurement,patno,orddate,examdt,,,
,,,,,Dev_clinicanote,ptnt_no,med_time,,,,
,,,,,Dev_observation,ptnt_no,med_time,,,,
,,,,,Dev_cost ,patno,meddate,calm_ymd,,,
,,,,,Dev_drug,patno,meddate,orddate,,,
29,Completeness,,방문 타입 별 건수에 비해 데이터의 비율이 비례하지 않음,,Dev_diagnosis ,patfg,meddate,,,,
,,,,,Dev_procedure,patfg,orddate,,,,
,,,,,Dev_device,patfg,orddate,,,,
,,,,,Dev_specimen,patfg,orddate,,,,
,,,,,Dev_measurement,patfg,orddate,examdt,,,
,,,,,Dev_clinicanote,cln_typ,frm_dt,,,,
,,,,,Dev_observation,cln_typ,frm_dt,,,,
,,,,,Dev_cost ,patfg,calm_ymd,,,,
,,,,,Dev_drug,patfg,orddate,,,,
30,completeness,,검사별 수치 값들의 완정성 ,,Dev_measurement,ordcode,ordnm,char_rslt,num_rslt,,
31,Plausibliity ,Temporal,시작날짜는 종료날짜보다 미래일 수 없음  ,,Dev_mapped,vld_stdt,vld_endt,,,,
,,,,,Dev_diagnosis ,meddate,vist_time,dsch_date,,,
,,,,,Dev_visitdeatil,visit_date,ertime,dsch_date,dsch_time,,
,,,,,Dev_period,op_start_dt,op_enddt,,,,
,,,,,Dev_procedure,meddate,orddate,,,,
,,,,,Dev_device,meddate,orddae,,,,
,,,,,Dev_specimen,collect_dt,acpt_dt,meddate,orddate,,
,,,,,Dev_measurement,meddate,orddate,examdt,,,
,,,,,Dev_clinicanote,frm_dt,med_time,,,,
,,,,,Dev_observation,frm_dt,med_time,,,,
,,,,,Dev_cost ,meddate,orddate,calm_ymd,,,
,,,,,Dev_drug,meddate,orddate,act_stdt,act_endt,,환자가 입원 통원인 경우 admtime도 체크 
,,,,,Dev_siteinfo ,open_dt,reg_dt,,,,
,,,,,Dev_payer,meddate,orddate,,,,
32,Plausibility,Temporal,처방날짜는 진단날짜 이후여야 함 ,,Dev_procedure,meddate,orddate,,,,
,,,,,Dev_device,meddate,orddate,,,,
,,,,,Dev_specimen,meddate,orddate,,,,
,,,,,Dev_measurement,meddate,examdt,,,,
,,,,,Dev_clinicanote,med_time,frm_dt,,,,
,,,,,Dev_observation,med_time,frm_dt,,,,
,,,,,Dev_cost ,meddate,orddate,,,,
,,,,,Dev_drug,meddate,orddate,,,,
33,Plausibility,Temporal,진단날짜는 방문일시와 같거나 뒤여야함 ,,Dev_diagnosis ,visitdate,visit_time,meddate,,,
,,,,,Dev_procedure,visitdate,visit_time,meddate,,,
,,,,,Dev_device,visitdate,visit_time,meddate,,,
,,,,,Dev_specimen,visitdate,visit_time,meddate,,,
,,,,,Dev_measurement,visitdate,visit_time,meddate,,,
,,,,,Dev_clinicanote,visitdate,visit_time,med_time,,,
,,,,,Dev_observation,visitdate,visit_time,med_time,,,
,,,,,Dev_drug,visitdate,visit_time,meddate,,,
34,Plausibility,Temporal,입원기간 중 발생한 기록은 기간안에 있어야함 ,,Dev_diagnosis ,meddate,,,,,입원 데이터만 해당 
,,,,,Dev_procedure,orddate,procedure_dt,,,,
,,,,,Dev_device,orddate,execpldt,,,,
,,,,,Dev_specimen,collect_dt,spcdate,orddate,,,
,,,,,Dev_measurement,orddate,examdt,,,,
,,,,,Dev_clinicanote,frm_dt,med_date,,,,
,,,,,Dev_observation,frm_dt,med_date,,,,
,,,,,Dev_drug,orddate,,,,,
,,,,,Dev_cost ,meddate,orddate,,,,
35,Plausibility,Temporal,운영기간 이전의 데이터는 존재 할 수 없음  ,,Dev_diagnosis ,meddate,,,,,운영기간 변수 선언 필요 
,,,,,Dev_procedure,meddate,orddate,procedure_dt,,,
,,,,,Dev_device,orddate,execpldt,,,,
,,,,,Dev_specimen,collect_dt,spcdate,,,,
,,,,,Dev_measurement,orddate,examdt,,,,
,,,,,Dev_clinicanote,frm_dt,med_date,med_time,,,
,,,,,Dev_observation,frm_dt,med_date,med_time,,,
,,,,,Dev_visitdeatil,visit_date,visit_time,dsch_date,dsch_time,,
,,,,,Dev_drug,meddate,orddate,,,,
,,,,,Dev_cost ,meddate,ordate,calm_ymd,,,
36,Plausibility,Temporal,미래 데이터는 존재 할 수 없음 ,,Dev_diagnosis ,meddate,,,,,"미래의 시점 
1. 변환 기간 이후 
2. sys.date() > 경우 "
,,,,,Dev_procedure,meddate,orddate,procedure_dt,,,
,,,,,Dev_device,orddate,execpldt,,,,
,,,,,Dev_specimen,collect_dt,spcdate,,,,
,,,,,Dev_measurement,orddate,examdt,,,,
,,,,,Dev_clinicanote,frm_dt,med_date,med_time,,,
,,,,,Dev_observation,frm_dt,med_date,med_time,,,
,,,,,Dev_visitdeatil,visit_date,visit_time,dsch_date,dsch_time,,
,,,,,Dev_drug,meddate,orddate,,,,
,,,,,Dev_cost ,meddate,ordate,calm_ymd,,,
38,Plausibility,Temporal,태어나기 이전의 데이터는 존재 할 수 없음 ,,Dev_diagnosis ,meddate,,,,,btdt < 인 데이터
,,,,,Dev_procedure,meddate,orddate,procedure_dt,,,
,,,,,Dev_device,orddate,execpldt,,,,
,,,,,Dev_specimen,collect_dt,spcdate,,,,
,,,,,Dev_measurement,orddate,examdt,,,,
,,,,,Dev_clinicanote,frm_dt,med_date,med_time,,,
,,,,,Dev_observation,frm_dt,med_date,med_time,,,
,,,,,Dev_visitdeatil,visit_date,visit_time,dsch_date,dsch_time,,
,,,,,Dev_drug,meddate,orddate,,,,
,,,,,Dev_cost ,meddate,ordate,calm_ymd,,,
39,Plausibility,Temporal,사망 이후 데이터는 존재 할 수 없음 ,,Dev_person ,btdt,,,,,
,,,,,Dev_diagnosis ,meddate,,,,,
,,,,,Dev_procedure,meddate,orddate,procedure_dt,,,
,,,,,Dev_device,orddate,execpldt,,,,
,,,,,Dev_specimen,collect_dt,spcdate,,,,
,,,,,Dev_measurement,orddate,examdt,,,,
,,,,,Dev_clinicanote,frm_dt,med_date,med_time,,,
,,,,,Dev_observation,frm_dt,med_date,med_time,,,
,,,,,Dev_visitdeatil,visit_date,visit_time,dsch_date,dsch_time,,
,,,,,Dev_drug,meddate,orddate,,,,
,,,,,Dev_cost ,meddate,ordate,calm_ymd,,,
40,Plausibility,Temporal,지나치게 많은 데이터를 가지고 있는 특정날 혹은 달의 데이터 ,,Dev_diagnosis ,meddate,,,,,"월별, 년별 평균 건수 선정해서 그 이상인 건수들만 체크 "
,,,,,Dev_procedure,meddate,orddate,procedure_dt,,,
,,,,,Dev_device,orddate,execpldt,,,,
,,,,,Dev_specimen,collect_dt,spcdate,,,,
,,,,,Dev_measurement,orddate,examdt,,,,
,,,,,Dev_clinicanote,frm_dt,med_date,med_time,,,
,,,,,Dev_observation,frm_dt,med_date,med_time,,,
,,,,,Dev_visitdeatil,visit_date,visit_time,dsch_date,dsch_time,,
,,,,,Dev_drug,meddate,orddate,,,,
,,,,,Dev_cost ,meddate,ordate,calm_ymd,,,
41,Plausibility,Temporal,지나치게 적은 데이터를 가지고 있는 날의 데이터 ,,Dev_diagnosis ,meddate,,,,,"월별, 년별 평균건수를 선정해서 그 이하인 건수들만 체크 "
,,,,,Dev_procedure,meddate,orddate,procedure_dt,,,
,,,,,Dev_device,orddate,execpldt,,,,
,,,,,Dev_specimen,collect_dt,spcdate,,,,
,,,,,Dev_measurement,orddate,examdt,,,,
,,,,,Dev_clinicanote,frm_dt,med_date,med_time,,,
,,,,,Dev_observation,frm_dt,med_date,med_time,,,
,,,,,Dev_visitdeatil,visit_date,visit_time,dsch_date,dsch_time,,
,,,,,Dev_drug,meddate,orddate,,,,
,,,,,Dev_cost ,meddate,ordate,calm_ymd,,,
42,Plausibility,Temporal,관찰기간 이외의 데이터가 존재하는가?,,Dev_diagnosis ,meddate,,,,,환자들마다 관찰기간을 생성 기간에 포함되지 않는 데이터만 추출 
,,,,,Dev_procedure,meddate,orddate,procedure_dt,,,
,,,,,Dev_device,orddate,execpldt,,,,
,,,,,Dev_specimen,collect_dt,spcdate,,,,
,,,,,Dev_measurement,orddate,examdt,,,,
,,,,,Dev_clinicanote,frm_dt,med_date,med_time,,,
,,,,,Dev_observation,frm_dt,med_date,med_time,,,
,,,,,Dev_visitdeatil,visit_date,visit_time,dsch_date,dsch_time,,
,,,,,Dev_drug,meddate,orddate,,,,
,,,,,Dev_cost ,meddate,ordate,calm_ymd,,,
43,Plausibility,Temporal,연계 되는 기록의 간격이 1년이상인 경우 ,,Dev_procedure,orddate,procedure_dt,,,,처방일자와 시행일자가 1년인 경우 
,,,,,Dev_device,orddate,execpldt,,,,
,,,,,Dev_specimen,acpt_dt,collect_dt,orddate,,,
,,,,,Dev_measurement,orddate,examdt,,,,
,,,,,Dev_drug,orddate,act_stdt,,,,
43,Plausibility,Temporal,연계되는 기록의 간격이 1년 이상인 경우 ,,Dev_measurement,orddate,verifytm ,,,,시행일자와 확인일자가 1년이상 차이
43,Plausibility,temporal,연계되는 기록의 간격이 1년이 이상인 경우 ,,Dev_procedure,meddate,orddate,,,,진단과 처방이 1년이상 차이 나는 경우 
,,,,,Dev_device,meddate,orddate,,,,
,,,,,Dev_specimen,meddate,collect_dt,,,,
,,,,,Dev_measurement,meddate,orddate,,,,
,,,,,Dev_drug,meddate,orddate,,,,
44,Plausibility,Temporal,성별에 따라 발생할 수 없는 진단데이터 ,,Dev_diagnosis ,patno,diagcode,,,,남성은 부인병에 걸릴 수 없음 
,,,,,Dev_person ,patno,sex,,,,
44,Plausibility,Temporal,성별에 따라 발생할 수 없는 진단데이터 ,,Dev_diagnosis ,patno,diagcode,,,,여성은 남성병에 걸릴 수 없음 
,,,,,Dev_person ,patno,sex,,,,
45,Plausibility,Temporal,성별에 따라 측정할 수 없는 검사결과,,Dev_person ,patno,sex,,,,남성에게서 검사 할 수 없는 검사결과
,,,,,Dev_measurement,patno,ordcode,,,,
45,Plausibility,Temporal,성별에 따라 측정할 수 없는 검사결과,,Dev_person ,patno,sex,,,,여성에게서 검사 할 수 없는 검사결과
,,,,,Dev_measurement,patno,ordcode,,,,
46,Plausibility,Temporal,성별에 따라 처방할 수 없는 데이터 ,,Dev_person ,patno,sex,,,,남성에게 처방 할 수 없는 데이터 
,,,,,Dev_drug,patno,ordcode,,,,
,,,,,Dev_procedure,patno,ordcode,,,,
,,,,,Dev_specimen,patno,ordcode,tiss_cd,,,
46,Plausibility,Temporal,성별에 따라 처방할 수 없는 데이터 ,,Dev_person ,patno,sex,,,,여성에게 처방 할 수 없는 데이터 
,,,,,Dev_drug,patno,ordcode,,,,
,,,,,Dev_procedure,patno,ordcode,,,,
,,,,,Dev_specimen,patno,ordcode,tiss_cd,,,
47,Plausibility,Temporal,검사결과 타입이 숫자인 경우 Neg일 수 없음 ,,Dev_measurement,ordcode,num_rslt,,,,
48,Plausibility,temporal,약품의 최대 처방일수는 214일 이상 될 수 없음 ,,Dev_drug,patno,ordcode,day,datediff,,"datediffday, start_dt,end_dt)
* 180일에서 214일 이상은 처방 불가 
* 퇴원약만 일단 대상으로 함 "
49,Plausibility,temporal,일수는 0이하 일 수 없음 ,,Dev_drug,patno,day,,,,
,,,,,Dev_device,patno,day,,,,
,,,,,Dev_procedure,patno,day,,,,
50,Plausibility,temporal,비 진료과에서는 환자를 진단 할 수 없음 ,,Dev_siteinfo ,site_cd,site_name_kr,,,,
,,,,,Dev_observation,dept_cd,,,,,
,,,,,Dev_note,dept_cd,,,,,
,,,,,Dev_diagnosis ,dept_cd,diagcode,,,,
51,Plausibility,temporal,비 진료과에서는 처방을 내릴 수 없음 ,,Dev_site_info,site_cd,site_name_kr,,,,
,,,,,Dev_drug,dept_cd,,,,,
,,,,,Dev_procedure,dept_cd,,,,,
,,,,,Dev_device,dept_cd,,,,,
52,Plausibility,temporal,의사외 직업군에서는 처방을 내릴 수 없음 ,,Dev_provider,provider_id,position,,,,
,,,,,Dev_drug,provider_id,,,,,
,,,,,Dev_procedure,provider_id,,,,,
,,,,,Dev_device,provider_id,,,,,
,,,,,Dev_specimen,provider_id,,,,,
,,,,,Dev_measurement,provider_id,,,,,
52,plausibility,temporal,의사외 직업군에서 진단을 내릴 수 없음 ,,Dev_provider,provider_id,position,,,,
,,,,,Dev_diagnosis ,provider_id,,,,,
53,Plausibility,temporal,간호사의 처방 비율이 의사보다 높을 수 없음,,Dev_provider,provider_id,position,,,,
,,,,,Dev_drug,provider_id,ordcode,,,,
,,,,,Dev_procedure,provider_id,ordcode,,,,
,,,,,Dev_device,provider_id,ordcode,,,,
54,Plausibility,temporal,방문없이 처방등 기록이 발생할 수 없음 ,,Dev_visitdetail,patno,visit_date,dsch_date,visit_id,,
,,,,,Dev_diagnosis ,patno,visit_id,diagcode,,,
,,,,,Dev_procedure,patno,visit_id,ordcode,,,
,,,,,Dev_device,patno,visit_id,ordcode,,,
,,,,,Dev_specimen,patno,visit_id,ordcode,tiss_cd,,
,,,,,Dev_measurement,patno,visit_id,ordcode,,,
,,,,,Dev_clinicanote,patno,visit_id,,,,
,,,,,Dev_observation,patno,visit_id,,,,
,,,,,Dev_drug,patno,visit_id,ordcode,,,
,,,,,Dev_cost ,patno,visit_id,ordcode,,,
55,Plausibility,temporal,진단정보 없이 기록이 발생 할 수 없음 ,,Dev_diagnosis ,patno,meddate,diagcode,,,
,,,,,Dev_procedure,patno,meddate,ordcode,,,
,,,,,Dev_device,patno,meddate,ordcode,,,
,,,,,Dev_specimen,patno,meddate,ordcode,,,
,,,,,Dev_measurement,patno,meddate,ordcode,,,
,,,,,Dev_clinicanote,ptnt_no,med_date,,,,
,,,,,Dev_observation,ptnt_no,med_date,,,,
,,,,,Dev_drug,patno,meddate,ordcode,,,
56,plausibility,temporal,"DC, PRN처방은 원처방보다 기록 발생률이 낮아야 함 ",,Dev_procedure,patno,ordcode,DCYN,include_yn ,,"case when include_yn = 'y' then 원처방 
else no"
,,,,,Dev_device,patno,ordcode,DCYN,include_yn ,,
,,,,,Dev_drug,patno,ordcode,DCYN,include_yn ,,
57,Plausiblity ,temporal,출생년도는 미래 일 수 없음 ,,Dev_person ,patno,btdt,,,,sys.date() or end of EMR date 
58,Plausibility,temporal,나이가 음수 값임 ,,Dev_person ,patno,btdt,,,,
,,,,,Dev_provider,provider_id,year_of_birth,,,,
59,Plausibility,temporal,각 테이블 별 레코드 수는 환자의 특정 Thresh hold value값 이상이 되어야 함  ,,Dev_person ,row count ,,,,,각 테이블 별 레코드 수는 환자수 이상 이어야 함 
,,,,,Dev_Proider,row count ,,,,,
,,,,,Dev_death,row count ,,,,,
,,,,,Dev_diagnosis ,row count ,,,,,
,,,,,Dev_visitdeatil,row count ,,,,,
,,,,,Dev_period,row count ,,,,,
,,,,,Dev_procedure,row count ,,,,,
,,,,,Dev_device,row count ,,,,,
,,,,,Dev_specimen,row count ,,,,,
,,,,,Dev_measurement,row count ,,,,,
,,,,,Dev_clinicanote,row count ,,,,,
,,,,,Dev_observation,row count ,,,,,
,,,,,Dev_cost ,row count ,,,,,
,,,,,Dev_drug,row count ,,,,,
,,,,,Dev_payer,row count ,,,,,
60,Plausibility,temporal,"환자, 직원의생년월일은 주민등록번호와 일치해야 함 ",,Dev_person ,patno,bidt,resno1,,,
,,,,,Dev_provider,provider_id,year_of_birth+day_of_birth,resno1,,,
61,Plausibility,temporal,검사결과 중 기계적 오류 값은 없어야 함  ,,Dev_measurement,ordcode,num_rslt,,,,
62,Plausibility,temporal,청구 금액은 -가 될 수 없음 ,,Dev_cost ,patno,hspt_adl_amt,prsc_unpr_amt,,,
63,Plausibility,temporal,응급->입원으로 합쳐진 수는 대상 응급의 수와 같아야 함 ,,Dev_visitdeatil,patfg,ertime,,,,count(ERTIME) == patfg ='e'
64,Consistency,,테이블간 방문 유형은 일치해야함 ,,Dev_visit_detail,patno,patfg,visit_id,,,
,,,,,Dev_diagnosis ,patno,patfg,visit_id,,,
,,,,,Dev_procedure,patno,patfg,visit_id,,,
,,,,,Dev_device,patno,patfg,visit_id,,,
,,,,,Dev_specimen,patno,patfg,visit_id,,,
,,,,,Dev_measurement,patno,patfg,visit_id,,,
,,,,,Dev_clinicanote,patno,cln_typ,visit_id,,,
,,,,,Dev_observation,patno,cln_typ,visit_id,,,
,,,,,Dev_cost ,patno,patfg,visit_id,,,
,,,,,Dev_drug,patno,patfg,visit_id,,,
,,,,,Dev_payer,patno,patfg,visit_id,,,
65,Consistency,,Activation 환자의 수는 각 테이블 별로 동일해야 함 ,,Dev_visit_detail,patno,,,,,"Activation 환자수 공식 작성
(각 환자의 방문 타입별 평균건수)"
,,,,,Dev_diagnosis ,patno,,,,,
,,,,,Dev_procedure,patno,,,,,
,,,,,Dev_device,patno,,,,,
,,,,,Dev_specimen,patno,,,,,
,,,,,Dev_measurement,patno,,,,,
,,,,,Dev_clinicanote,ptnt_no,,,,,
,,,,,Dev_observation,ptnt_no,,,,,
,,,,,Dev_cost ,patno,,,,,
,,,,,Dev_drug,patno,,,,,
,,,,,Dev_payer,patno,,,,,
66,,,이전 방문 기록이 일치하는가?,,Dev_visitdetail,patno,patfg,preceeding_visit,,,방문 기록의 일치율 
67,Plausibility,,Specimen의 Quantity가 너무 높음 ,,Dev_specimen,Sample_qty1,Sample_qty2,qty,unit,,block < 200
67,Plausibility,,Specimen의 Quantity가 너무 높음 ,,Dev_specimen,Sample_qty1,Sample_qty2,qty,unit,,sample < 50 
67,Plausibility,,Specimen의 Quantity가 너무 높음 ,,Dev_specimen,Sample_qty1,Sample_qty2,qty,unit,,cm <200
67,Plausibility,,Specimen의 Quantity가 너무 높음 ,,Dev_specimen,Sample_qty1,Sample_qty2,qty,unit,,liter  < 5
68,Plausibility,Temporal,Specimen 테이블은 각 행위처치 테이블과 연결이 되어야 함 ,,Dev_specimen,patno,visit_id,,,,Specimen 기준 연결 여부 
,,,,,Dev_procedure,patno,visit_id,,,,
,,,,,Dev_device ,patno,visit_id,,,,
,,,,,Dev_measurement,patno,visit_id,,,,
69,,,직접사인은 null 일 수 없음 ,,Dev_death ,DIEDADRS,,,,,
70,,,통원 수술의 경우 재원일수가 1일 이상 될 수 없음 ,,Dev_visit_detail,patno,patfg,visit_date,,,"방문유형이 통원수술인 경우만 대상으로 하며, 재원일수에 발생한 기록만 확인 "
,,,,,Dev_diagnosis ,patno,patfg,meddate,,,
,,,,,Dev_procedure,patno,patfg,orddate,,,
,,,,,Dev_device,patno,patfg,orddate,,,
,,,,,Dev_specimen,patno,patfg,orddate,,,
,,,,,Dev_measurement,patno,patfg,orddate,,,
,,,,,Dev_clinicanote,ptnt_no,cln_typ,frm_dt,,,
,,,,,Dev_observation,ptnt_no,cln_typ,frm_dt,,,
,,,,,Dev_cost ,patno,meddate,orddate,,,
,,,,,Dev_drug,patno,meddate,orddate,,,
71,,,첫 방문일 경우 Preceeding visit은 존재 할 수 없음 ,,Dev_visitdetail,patno,visitdate,preceding_visit,,,
72,,,퇴원약이 아닌 경우 Daysupply가 2일 이상 될 수 없음 ,,Dev_visitdeatil,patno,visit_date,dsch_date,,,
,,,,,Dev_drug,patno,orddate,,,,
73,,,입원환자의 경우 확정진단이 1개 이상 있어야 함 ,,Dev_visitdetail,patno,patfg,,,,
,,,,,Dev_diagnosis ,patno,patfg,main_yn ,,,
74,,,환자수에 비해 프로바이더의 비율이 적음 ,,Dev_person ,patno,,,,,(기준 환자수 추출)
,,,,,Dev_provider,provider_id,,,,,"(의사, 간호사만 추출)"
,,,,,Dev_diagnosis ,patno,provider_id,,,,ratio 비교 
,,,,,Dev_procedure,patno,provider_id,,,,
,,,,,Dev_device,patno,provider_id,,,,
,,,,,Dev_specimen,patno,provider_id,,,,
,,,,,Dev_measurement,patno,provider_id,,,,
,,,,,Dev_clinicanote,patno,provider_id,,,,
,,,,,Dev_observation,patno,provider_id,,,,
,,,,,Dev_drug,patno,provider_id,,,,
75,,,재원일수는 180일 이상 될 수 없음 ,,Dev_visitdetail,,,,,,
,,,,,Dev_period,,,,,,
,,,,,Dev_payer,,,,,,
76,,,Warn: Alter for measrueent value is outlier ,,Dev_measurement,num_rslt,,,,,linear regression 이용
77,,,Quantity is not negative ,,Dev_drug,ordcode,quantity,,,,
,,,,,Dev_procedure,ordcode,quantity,,,,
,,,,,Dev_device,ordcode,quantity,,,,
,,,,,Dev_specimen,ordcode,quantity,,,,
78,,,태어나기 이전 사망 할 수 없음 ,,Dev_death,patno,diedate,,,,기타 테이블 발견 역시 에러 
,,,,,Dev_person ,patno,btdt,,,,
79,,,약물의 경우 횟수가 10회 이상일 수 없음 ,,Dev_drug,patno,cnt ,ordcode,,,
80,,,서식지 내 데이터에는 환자의 이름이 포함되면 안됨,,Dev_observation,ptnt_no,txt_data,,,,
,,,,,Dev_note,ptnt_no,txt_data,,,,
81,,,서식지 내 데이터에는 직원의 이름이 포함되면 안됨,,Dev_observation,ptnt_no,txt_data,,,,
,,,,,Dev_note,ptnt_no,txt_data,,,,
82,,,서식지 내  환자번호가 존재해서는 안됨 ,,Dev_observation,,,,,,
,,,,,Dev_note,,,,,,
83,,,서식지 내 직원번호가 존재해서는 안됨,,Dev_observation,,,,,,
,,,,,Dev_note,,,,,,
84,,,서식지 내 생년월일 정보가 존재해서는 안됨 ,,Dev_observation,,,,,,
,,,,,Dev_note,,,,,,
85,,,서식지 내 주소정보가 존재해서는 안됨 ,,Dev_observation,,,,,,
,,,,,Dev_note,,,,,,
86,,,서식지 내 주민번호가 존재해서는 안됨,,Dev_observation,,,,,,
,,,,,Dev_note,,,,,,
87,,,입원환자는 입원기록지가 존재해야함 ,,Dev_note,ptnt_no,frm_nm,cln_typ,,,최소 기간에 1개는 존재해야함 
,,,입원환자는 Progress기록이 존재해야함 ,,Dev_note,ptnt_no,frm_nm,cln_typ,,,최소 기간에 1개는 존재해야함 
,,,입원환자는 퇴원기록지가 있어야함,,Dev_note,ptnt_no,frm_nm,cln_typ,,,최소 기간에 1개는 존재해야함 
88,,,불출량-반납량은 실수량과 같아야함 ,,Dev_drug,ordcode,cnt ,outqty,retnqty,,
,,,,,Dev_device,ordcode,cnt ,outqty,retnqty,,
89,,,CNT > 0 ,,Dev_drug,,,,,,
,,,,,Dev_proedure,,,,,,
,,,,,Dev_measurement,,,,,,
,,,,,Dev_device,,,,,,
90,,,응급->입원 인경우 ADMTIME은 ERTIME과 같거나 뒤여야함 ,,Dev_visit_detail,visit_date,ertime,,,,
91,,,점수 혹은 척도 값은 +- 3SD 이내여야 함 ,,Dev_measurement,ordcode,num_rslt,,,,
92,,,입원 후 24시간 내 admission note가 있어야함 ,,Dev_visitdetail,patno,patfg,,,,
,,,,,Dev_note,ptnt_no,frm_nm,,,,
93,,,퇴원 시 Discharge note가 있어야함 ,,Dev_visitdetail,patno,patfg,,,,
,,,,,Dev_note,ptnt_no,frm_nm,,,,
94,,,R/O는 진단에 포함 할 수 없음 ,,Dev_diagnosis ,patno,diagcode,,,,
95,Accuracy ,,"Race는 Asian, Black, KR, Wite,Alien으로 구분",,Dev_person ,patno,Race_GB,,,,
96,Accuracy ,,"Position은 DR,RN,Other_suppier로 구분 ",,Dev_provider,prvider_id,position,,,,
97,Accuracy ,,"Cf_type은 사망진단서, 사산증명서, 시체부검서 세개로 구분",,Dev_death,patno,cf_type,,,,
98,Accuracy ,,"입원경로는 op, er, dr, nb, or, rd로 구분 됨 ",,Dev_visit,atno,ADMPATH,,,,
,,,"퇴원경로는 Continume, Transfer, Return, Death, Discharge로 구분",,Dev_visit,patno,dschtyp,,,,
99,Accuracy ,,"환자의 방문유형은 I, D, E, O, G, S로 구분",,Dev_visit,patfg,,,,,
,,,,,Dev_diagnosis ,patfg,,,,,
,,,,,Dev_drug,patfg,,,,,
,,,,,Dev_procedure,patfg,,,,,
,,,,,Dev_device,patfg,,,,,
,,,,,Dev_specimen,patfg,,,,,
,,,,,Dev_measurement,patfg,,,,,
,,,,,Dev_cost ,patfg,,,,,
,,,,,Dev_observation,cln_typ,,,,,
,,,,,Dev_note,cln_typ,,,,,
100,,,Day는 0이 될 수 없음 day > 0 ,,Dev_drug,Rday,,,,,
,,,,,Dev_procedure,Rday,,,,,
,,,,,Dev_device,Rday,,,,,
,,,,,Dev_specimen,Rday,,,,,
101,,,Error와 관련된 테이블은 Y/N 만 입력되어야함 ,,Dev_visit_detail,,,,,,
,,,,,Dev_diagnosis ,,,,,,
,,,,,Dev_procedure,,,,,,
,,,,,Dev_device,,,,,,
,,,,,Dev_specimen,,,,,,
,,,,,Dev_measurement,,,,,,
,,,,,Dev_clinicanote,,,,,,
,,,,,Dev_observation,,,,,,
,,,,,Dev_cost ,,,,,,
,,,,,Dev_drug,,,,,,
,,,,,Dev_payer,,,,,,
,,,,,Dev_person ,,,,,,
,,,,,Dev_rovider,,,,,,
102,,,site_info의 zip 코드는 16499 임 ,,Dev_siteinfo ,zip_cd,,,,,
103,,,ZIPCD는 5자리 이상 될 수 없음 ,,Dev_person ,zip_cd,,,,,
,,,,,Dev_siteinfo ,zip_cd,,,,,